<?xml version="1.0" encoding="UTF-8"?>
<project-private xmlns="http://www.netbeans.org/ns/project-private/1">
    <editor-bookmarks xmlns="http://www.netbeans.org/ns/editor-bookmarks/2" lastBookmarkId="0"/>
    <open-files xmlns="http://www.netbeans.org/ns/projectui-open-files/2">
        <group>
            <file>file:/E:/Hospital%20Management%20System/Hospital/src/main/AdminHome.java</file>
            <file>file:/E:/Hospital%20Management%20System/Hospital/src/main/DoctorViewAppointments.java</file>
            <file>file:/E:/Hospital%20Management%20System/Hospital/src/main/DoctorHome.java</file>
            <file>file:/E:/Hospital%20Management%20System/Hospital/src/main/ReceptAddChannel.java</file>
            <file>file:/E:/Hospital%20Management%20System/Hospital/src/main/DoctorLogin.java</file>
            <file>file:/E:/Hospital%20Management%20System/Hospital/src/main/DoctorAddPatientRecord.java</file>
            <file>file:/E:/Hospital%20Management%20System/Hospital/src/main/patient.java</file>
            <file>file:/E:/Hospital%20Management%20System/Hospital/src/main/ReceptionistHome.java</file>
            <file>file:/E:/Hospital%20Management%20System/Hospital/src/main/ReceptionistLogin.java</file>
            <file>file:/E:/Hospital%20Management%20System/Hospital/src/main/ReceptAddPatient.java</file>
            <file>file:/E:/Hospital%20Management%20System/Hospital/src/main/Database.java</file>
            <file>file:/E:/Hospital%20Management%20System/Hospital/src/main/MyConnection.java</file>
            <file>file:/E:/Hospital%20Management%20System/Hospital/src/MyConnection.java</file>
            <file>file:/E:/Hospital%20Management%20System/Hospital/src/patient.java</file>
            <file>file:/E:/Hospital%20Management%20System/Hospital/src/main/AdminAddReceptionist.java</file>
            <file>file:/E:/Hospital%20Management%20System/Hospital/src/main/AdminLogin.java</file>
            <file>file:/E:/Hospital%20Management%20System/Hospital/src/main/AdminAddDoctor.java</file>
        </group>
    </open-files>
</project-private>
